participant_id,organization,site,expected_monthly_reports,monthly_reports_received,monthly_reports_missing,last_monthly_report_due,reminder_method,reminder_contact
01-CIMC-0253,wmru,Wits MRU,3,1,2,2026-08-01,calendar,
02-CIMC-0007,profamilia,Profamilia,2,0,2,2026-08-01,calendar,
01-CIMC-0068,wmru,Wits MRU,1,0,1,2026-08-01,calendar,
01-CIMC-0125,wmru,Wits MRU,3,2,1,2026-08-01,whatsapp,19995550064
02-CIMC-0034,profamilia,Profamilia,2,1,1,2026-08-01,no_reminder,
02-CIMC-0047,profamilia,Profamilia,1,0,1,2026-08-01,calendar,
02-CIMC-0159,profamilia,Profamilia,2,1,1,2026-08-01,calendar,
02-CIMC-0217,profamilia,Profamilia,2,1,1,2026-08-01,whatsapp,19995550113
03-CIMC-0152,ohsu,OHSU,1,0,1,2026-08-01,whatsapp,
